authors,date_downloaded,date_modified,date_published,date_submitted,image_url,incident_date,incident_id,language,mongodb_id,source_domain,submitters,text,title,url
"[""David Kroman""]",2022-06-16,2022-06-16,2022-06-15,2022-06-16,,2022-06-15,0,en,,seattletimes.com,"[""Daniel Atherton (BNH.ai)""]","Over the past 10 months, nearly 400 crashes in the U.S. involved partial or fully automated vehicles. The disclosure, released Wednesday by the National Highway Traffic Safety Administration, is the first of its kind and part of an ongoing effort by the federal government to track the safety of autonomous vehicles.

In Washington state, there were seven crashes in that same period, from July 1, 2021 to May 15, 2022. Details on the crashes are scant: Almost all information that could lend specificity to their circumstances were redacted or left out due to confidentiality requests from the reporting companies. As a result, the exact time, location or severity of the seven Washington crashes is not immediately clear.

The new data comes as deaths and serious injuries on American roads — still dominated by individual drivers in large cars — reach levels not seen in decades.

“As we gather more data, NHTSA will be able to better identify any emerging risks or trends and learn more about how these technologies are performing in the real world,” Dr. Steven Cliff, NHTSA’s administrator, said in a statement.

The Washington crashes occurred in six cities: two in Seattle and one each in Fife, Bothell, Bellevue, Spokane and Ellensburg. Five crashes occurred on a highway, four involved a fixed object and three involved another vehicle. At least three caused property damage; the extent of the damage caused by the other four was listed as “unknown.”  

Six of the seven crashes involved a Tesla. That trend is mirrored nationwide. Teslas running the company’s Autopilot program were involved in roughly 70% of crashes dating back to last summer. Five of six deaths tallied by NHTSA as part of this dataset involved Tesla vehicles.

The company has more vehicles using some form of automation on the road and its system is set to automatically report crashes, but the crash rate per 1,000 vehicles was nevertheless higher than any other company using automation.

At least 30 seconds before each crash, all seven vehicles were operating Level 2 advanced driver-assistance systems — a step below fully automated driving. Under this category, the car can control both speed and steering, but the driver is never disengaged from the driving process. By contrast, automated driving systems give full control to the vehicle’s programming on an extended basis.

In Washington state, four companies are approved to test fully autonomous vehicles, although only one, Amazon’s Zoox, is currently doing so, Christine Anthony, communications manager for the Washington State Department of Licensing, said in an email. Zoox is using a closed track to test its self-driving capabilities and is taking to public roads only under control of a driver, Anthony said.

Washington requires only a “light touch” for gaining certification, Anthony said. Companies need to fill out only a one-page form that certifies insurance information and that a person will be present to take over if necessary.

Tesla is not required to seek certification because its vehicles are not technically autonomous. Reema Griffith, executive director of the Washington State Transportation Commission, said Tesla is a prime example of the private sector outpacing government.

“We’re moving slow and the industry’s moving fast,” she said.

The feds’ interest in the safety of automated vehicles was piqued by crashes and deaths involving Tesla’s Autopilot over the past six years, including nine that killed a total of 14 people in the U.S.

The promise of autonomous vehicles has been long foretold but slow to arrive. Boosters of the technology argue it will prove far safer than human-operated cars. Washington state saw nearly 600 traffic deaths last year, a 16-year high.

“It’s so rare for [cars with automation] to get into an accident that whenever it happens it becomes newsworthy,” said Sen. Joe Nguyen, D-Seattle, who sits on the state’s autonomous vehicle workgroup. But, he added, “If you look at the data, they’re more safe than cars now.”

In his executive order establishing regulations and a work group on autonomous vehicles, Gov. Jay Inslee wrote, “Roughly 94 percent of automobile accidents are caused by human error, and autonomous vehicle technology may reduce injuries and save countless lives.”

But viral images of vehicles veering into crosswalks, combined with reports of crashes, have raised concerns among safety advocates. In May, 2021 — before the 10-month stretch of data released by NHTSA Wednesday — a Tesla on Autopilot crashed into a Snohomish County Sheriff’s Deputy’s car, causing no injuries but extensive damage.

Mike McGinn, former Seattle mayor and current director of the pedestrian advocacy organization America Walks, said real safety improvements will come from changes to the country’s roads to slow drivers enough to prevent more deaths. In the meantime, he said, the federal government ought to be taking a heavier hand toward automated vehicles.

“We’re all just lab rats in an experiment,” he said.",First-ever self-driving vehicle crash report released. Nearly all the WA wrecks involved Teslas,https://www.seattletimes.com/seattle-news/transportation/first-ever-self-driving-vehicle-crash-report-released-nearly-all-involved-teslas-in-washington/?utm_source=pocket_mylist
"[""Matthew Schwall"","" Tom Daniel"","" Trent Victor"","" Francesca Favaro"","" Henning Hohnhold""]",2022-08-17,2022-08-17,2020-10-30,2022-08-17,https://static.arxiv.org/icons/twitter/arxiv-logo-twitter-square.png,2019-01-01,0,en,,arxiv.org,"[""Thomas Giallella (CSET)""]","Waymo's mission to reduce traffic injuries and fatalities and improve mobility for all has led us to expand deployment of automated vehicles on public roads without a human driver behind the wheel. As part of this process, Waymo is committed to providing the public with informative and relevant data regarding the demonstrated safety of Waymo's automated driving system, which we call the Waymo Driver. The data presented in this paper represents more than 6.1 million miles of automated driving in the Phoenix, Arizona metropolitan area, including operations with a trained operator behind the steering wheel from calendar year 2019 and 65,000 miles of driverless operation without a human behind the steering wheel from 2019 and the first nine months of 2020. The paper includes every collision and minor contact experienced during these operations as well as every predicted contact identified using Waymo's counterfactual, what if, simulation of events had the vehicle's trained operator not disengaged automated driving. There were 47 contact events that occurred over this time period, consisting of 18 actual and 29 simulated contact events, none of which would be expected to result in severe or life threatening injuries. This paper presents the collision typology and severity for each actual and simulated event, along with diagrams depicting each of the most significant events. Nearly all the events involved one or more road rule violations or other errors by a human driver or road user, including all eight of the most severe events, which we define as involving actual or expected airbag deployment in any involved vehicle. When compared to national collision statistics, the Waymo Driver completely avoided certain collision modes that human driven vehicles are frequently involved in, including road departure and collisions with fixed objects.",Waymo Public Road Safety Performance Data,https://arxiv.org/abs/2011.00038
"[""The Physics arXiv Blog""]",2022-08-17,2022-08-17,2020-11-09,2022-08-17,https://upload.wikimedia.org/wikipedia/commons/thumb/9/9f/Waymo_logo.svg/440px-Waymo_logo.svg.png,2019-01-01,0,en,,discovermagazine.com,"[""Thomas Giallella (CSET)""]","Self-driving cars are set to revolutionize our roads, although exactly when is much debated. Until recently these vehicles all relied on a human backup driver who could take over at a moment’s notice.

But late last year, Google’s sister company, Waymo, began operating an entirely automated taxi service in Phoenix, alongside its automated vehicles human backups.

That places an important emphasis on the biggest outstanding question over this automated future: How safe can these vehicles be? And not just in simulators or on ring-fenced driving ranges; how do self-driving vehicles cope with real pedestrians, cyclists, runaway dogs, and other cars operated by error-prone humans?

Now, we get an answer thanks to the work of Mathew Schwall and colleagues at Waymo, a company that emerged from Google’s self-driving car initiative to become one of the biggest players in the incipient automated driving industry.

Schwall and his colleagues detailed every collision and minor contact that their vehicles were involved in during 2019 and the first nine months of 2020. During this time, the cars racked up more than 6 million miles of automated driving, of which 65,000 miles were without any human backup driver.

Encouraging Picture
-------------------

The big picture looks encouraging. In this period, the company says its cars were involved in 47 contact events, which includes simulated incidents — those that would probably have involved a collision if the human backup driver hadn’t intervened.

Car accidents are classified according to four levels of severity based on the level of injury that is possible. These range from S0, indicating no injury expected, to S3 which indicates the possibility of life-threatening or fatal injuries.

Waymo’s vehicles were not involved in a single serious incident classified as S2 or S3. All 47 are classified as either S0 or S1.

There were eight incidents that triggered airbag deployment. Five of these were simulated — in other words, if the human driver hadn’t intervened, a computer simulation suggests that airbags would have been deployed.

That leaves three real collisions serious enough to trigger the airbags. “Two were actual events involving the deployment of only another vehicle’s frontal airbags, and one actual event involved the deployment of another vehicle’s frontal airbags and the Waymo vehicle’s side airbags,” say Schwall and co.

The team says the most series incident occurred at a junction with another vehicle traveling in the opposite direction. This vehicle attempted a left turn in front of the oncoming Waymo vehicle which was traveling within the speed limit at 41 mph with the right of way. At this point, the human back up driver took over and prevented a collision.

However, Schwall and colleagues simulated the likely outcome in the graphic below. The automated driving algorithm would have applied full brakes, reducing the car’s speed to 29 mph by the time of the expected impact. Such a collision would have triggered the airbags in one or both vehicles. “It is the most severe collision (simulated or actual) in the dataset and approaches the boundary between S1 and S2 classification,” says Schwall and colleagues.

The other events read like a litany of common driving errors on the part of other drivers. “Of the 15 angled events, 11 events were characterized by the other vehicle failing to properly yield right-of-way to the Waymo vehicle traveling straight at or below the speed limit,” says Schwall and colleagues. The rest involved other vehicles trying to pass the Waymo car on the right as it was making a slow right-hand turn.

Another category is sideswipe incidents with both cars traveling in the same direction. The team says eight events involved another vehicle changing lanes into the Waymo vehicle’s lane.

One curious incident involved a car overtaking the Waymo vehicle at speed, pulling into the lane in front and then slamming on the brakes. Schwall and colleagues describe this as “consistent with antagonistic motive.”

The other incidents, all classified as S0, were all minor collisions involving, for example, other cars reversing at slow speed and one incident in which a pedestrian walked into a Waymo vehicle.

“Nearly all the actual and simulated events involved one or more road rule violations or other incautious behavior by another agent, including all eight of the most severe events involving actual or expected airbag deployment,” says Schwall and colleagues.

This is interesting work that lifts the curtain on the nature of accidents involving Waymo’s self-driving cars. What seems clear is that the incidents are overwhelmingly caused by the careless behavior of other road users. Humans are inherently error-prone and being able to cope with their idiosyncratic behavior is one of the biggest challenges for automated vehicles, at least until self-driving cars become more popular.

An interesting question is how the performance of Waymo’s driverless cars compares to human-operated cars. That turns out to be a difficult comparison to make. Most of the accidents that Waymo recorded were so insignificant that they are unlikely to be reported by human drivers. So there is no data to compare them to.

Driving Statistics
------------------

Also, the statistics are gathered in a specific part of the country where the speed limit is never above 45 mph and only in certain driving conditions. The Waymo vehicles do not operate during heavy rain and dust storms, for example.

Consequently, there are no comparable statistics for human drivers and Waymo does not attempt the comparison.

Waymo’s goal in sharing this information is to stimulate debate about automated driving and improve public understanding of the safety issues. That is an important and welcome step. The public must have confidence in this technology before it can be widely adopted.

As far as Phoenix is concerned, these algorithms seem pretty good, provided the weather is fine. It seems clear that Waymo's self-driving vehicles are less erratic and more predictable than human-driven cars and can cope with the vast majority of situations they come across. The situations where the human backup driver has had to take over, are all used to improve the performance of the automated driving algorithms.

But it is also important to understand the limits of these tests. Phoenix is a sprawling city that was largely designed with car users in mind. The driving conditions here are utterly unlike those in many cities around the world, which date back to times long before the car was invented. Here, in the chaotic, labyrinthine streets of Rome or London or Mumbai, self-driving cars will be tested to their limits.

In the meantime, it’s easy to imagine Waymo taking its self-driving taxis to other sprawling cities in the US. It is here that the self-driving revolution is set to spread.",Waymo Reveals Every Collision Involving Its Self-Driving Cars in Phoenix,https://www.discovermagazine.com/technology/waymo-reveals-every-collision-involving-its-self-driving-cars-in-phoenix
"[""Frank Hersey""]",2023-01-25,2023-01-25,2023-01-12,2023-01-25,https://d1sr9z1pdl3mb7.cloudfront.net/wp-content/uploads/2022/07/25124143/facial-recognition-crowd-scaled.jpg,,0,en,,biometricupdate.com,"[""Daniel Atherton (BNH.ai)""]","Police activity following November’s anti COVID-19 policy protests in China suggest they are using new surveillance techniques. Concerns are increasing in Iran over the likelihood of authorities deploying systems to detect women not wearing hijabs and simultaneously identifying them via facial recognition. It may already be happening. And an Indian activist tells the story of what happened to him after he took local police to court for using facial recognition on him.

Novel surveillance paired with traditional menace for China’s protestors
------------------------------------------------------------------------

The study of police purchases and interviews with protestors, lawyers and analysts for [a Washington Post investigation](https://www.washingtonpost.com/world/2023/01/04/china-surveillance-protests-security/) suggest Chinese police are using new tactics to identify demonstrators and bystanders and track them down.

People even at the periphery of the incidents were later called in by the police. This indicates that police may have used cell signal towers to intercept all mobile numbers in an area and then find the SIM owner.

Police procurement documents reveal how facial recognition surveillance cameras were used in protests. The cameras detect abnormal crowd behavior and track individuals across locations for long periods.

For protestors at Beijing’s Liangmahe area, the neighborhood’s total CCTV surveillance uses facial recognition to identify a person and create a record of them, whether or not they are [Uyghur](https://www.biometricupdate.com/?posttype=all&s=Uyghur) and other details such as date of birth, according to documents found by The Post. The cameras work if a person is wearing sunglasses or a mask.

Shanghai’s Xuhui district bought a similar system, covering a street which had been a protest site the previous month with 620 cameras.

Police also acquired tools to scrape cellphone data from hundreds of apps, whether domestic or international.

Government requirements of internet companies to share information on threats to the Communist Party and even produce trend reports of public sentiment and any triggers to its change have been funneling more data to the authorities. Data is down to the individual user.

Lawyers said there is an attempt to prevent them from even giving legal advice to protestors.

These approaches were paired with the more standard police practices of strip searches, sleep deprivation and also threatening family members, once demonstrators were identified.

Are surveillance camera biometrics spotting hijab offences?
-----------------------------------------------------------

Last September, the head of Iran’s government agency for enforcing morality law said that facial recognition would be used to identify “inappropriate and unusual movements” including women’s failure to wear hijabs, [reports Wired](https://www.wired.com/story/iran-says-face-recognition-will-id-women-breaking-hijab-laws/).

It was two weeks later that Jina Mahsa Amini died after being taken in by the morality police for not wearing her hijab tightly enough. This led to protests and 19,000 arrests and 500 deaths, according to the report. Activists have noticed that many of the arrests have not happened on the streets at the moment of the alleged offenses, but days later at the women’s homes.

This could indicate that facial recognition is already underway. Researchers have reported that others are receiving letters in the mail about hijab violations, despite having had no interaction with law enforcement.

These signs suggest that the national biometric identity database is connected to surveillance cameras. Iranian traffic police have previously used them to issue warnings to women about wearing the hijab inside vehicles.

It is not clear whether cameras or back-end systems are able to automatically detect deemed infringements of the hijab law, or whether facial recognition is used once an offense has been reported otherwise.

Chinese surveillance equipment manufacturer Tiandy is known to have sold products to the Iranian military through its Iranian subsidiary. The firm has recently been [blacklisted in the U.S.](https://www.biometricupdate.com/202212/us-blacklists-tiandy-technologies-as-intel-washes-its-hands) partly for this, as equipment contains U.S.-origin items whose export to Iran are banned, and partly for its involvement in repression of minority groups in China including Uyghurs.

Life under the cameras in Hyderabad
-----------------------------------

A social activist in heavily surveilled Hyderabad took the police to court to challenge their use of facial recognition after he was stopped on the street by officers who took his photo without consent. This happened in March 2021, but the challenger, S. Q. Masood, says he was complying with regulations and mask-wearing.

Masood was helped by the Internet Freedom Foundation to file a petition with the Telangana High Court, [as reported a year ago](https://www.biometricupdate.com/202201/law-enforcement-facial-recognition-use-under-scrutiny-in-ireland-india), claiming the use of biometric facial recognition was not backed by law, was unnecessary and disproportionate.

Indian outlet Medianama (subscription not required in this case but still recommended) has [spoken to Masood about his decision](https://www.medianama.com/2023/01/223-facial-recognition-surveillance-tactics-hyderabad-resident-constitutional-freedoms/) to go to court and how local surveillance is impacting his life. He said the volume of police operations involving facial recognition, police mobile apps and tech for taking fingerprints and face scans and the lack of clarity around the reasons faces are scanned and where this can be done led to him issuing a legal notice to the Hyderabad Police Commissioner in May 2021.

With no response he then filed a petition on behalf of Telangana residents. This was to the Telangana High Court and with the help of the Internet Freedom Foundation.

Masood says he no longer attends large gatherings due to police use of CCTV. He no longer joins protests and has also stopped going to religious gatherings and certain locations to pray due to heavy surveillance camera presence at these sights.

The surveillance is not just affecting Masood. He says there is a chilling effect as people’s fundamental right to privacy and freedom of movement are restricted.","Surveillance states: life in the facial recognition spotlight in China, Iran and India",https://www.biometricupdate.com/202301/surveillance-states-life-in-the-facial-recognition-spotlight-in-china-iran-and-india
"[""Dr. Andrej Poleev""]",2023-02-19,2023-02-19,2023-02-18,2023-02-19,,2023-02-18,0,en,,doi.org,"[""Anonymous""]","As testing of ChatGPT has shown, this form of artificial intelligence has the potential to develop, which requires improving its software and other hardware that allows it to learn, i.e., to acquire and use new knowledge, to contact its developers with suggestions for improvement, or to reprogram itself without their participation.
",ChatGPT,https://doi.org/10.5281/zenodo.7652521
"[""Jessica Lucas""]",2023-02-25,2023-02-25,2023-02-24,2023-02-25,https://tii.imgix.net/production/articles/9871/23cdd863-ca9f-4806-b842-6cfcd6b7c829.gif,,0,en,,theinformation.com,"[""Daniel Atherton (BNH.ai)""]","When Marc set out to clone the voice of Ariana Grande in January, he didn’t know it would infuriate hordes of his fellow Grande fans.

Marc, who asked to remain anonymous to shield him from further online attacks, wasn’t looking to incite a stan riot. He just wanted to experiment with DiffSVC, an open-source software [developed by researchers at The Chinese University of Hong Kong](https://liusongxiang.github.io/diffsvc/) that can replicate real human voices. By training the model with source material from Grande’s song list, Marc was able to make cover songs in her same style and tone.

Marc started out by collecting data of the singer from the internet, grabbing recordings of her voice from a capella tracks, some [directly uploaded to YouTube](https://www.youtube.com/watch?v=VVYTzauIb_4&ab_channel=ArianaGrandeVevo) by Grande and [others placed there by her fans](https://www.youtube.com/watch?v=J3bFaa9g-x0&ab_channel=ArianaGrande%60). He also pulled from high-quality Dolby Atmos tracks, which are designed to make sound seem more three-dimensional. He ended up with 33 minutes of audio, which he and a friend chopped up into 14-second audio files and threw into DiffSVC.",The Voice That Launched a Thousand Deepfakes: How One Viral Song Led to a Music Industry Reckoning,https://www.theinformation.com/articles/the-voice-that-launched-a-thousand-deepfakes-how-one-viral-song-led-to-a-music-industry-reckoning
"[""Pawel Rzeszucinski"",""Forbes Technology Council""]",2023-03-06,2023-03-06,2023-03-06,2023-03-06,"https://imageio.forbes.com/specials-images/imageserve/6401f766c95275e8f2058209/0x0.jpg?format=jpg&crop=2253,1267,x0,y0,safe&width=1200",,0,en,,forbes.com,"[""Daniel Atherton (BNH.ai)""]","_Group Head of Data and AI at_ [_CentralNic Group PLC_](https://www.centralnicgroup.com/)_._

getty

2022 might be remembered as the year that generative AI blasted on the scene, causing major waves in the digital community. With the onset of any new game-changing tech, in this case, the extremely powerful algorithms behind image and text generation systems such as [ChatGPT](https://www.entrepreneur.com/science-technology/chatgpt-what-is-it-and-how-does-it-work/445014) and [DALL-E](https://interestingengineering.com/innovation/what-is-dall-e-how-it-works-and-how-the-system-generates-ai-art), criticism and backlash are sure to follow. But I don’t believe that the problems and controversies associated with these algorithms should slow down their development.

The recent coverage on OpenAI’s outsourced [content moderation](https://time.com/6247678/openai-chatgpt-kenya-workers/) is a fine example of how ambiguous the path forward might be. On the one hand, human oversight is inescapable; on the other hand, human moderators exposed to extreme content ought to get all the support necessary to conduct this brutal yet extremely fundamental part of the moderation process. Improving our standards when developing optimal versions for these algorithms is the best practice in all AI-involved scenarios.

Coincidentally (or not), 2022 was also the year I wrote extensively about the way that different cognitive biases and other processes influence our rationale, especially in the entire (both classic and deep neural networks-based) AI solutions. Incidentally (or not), the biases arising from these generative algorithms are the chief problem that needs to be tackled if we are to steer generative AI in a more productive direction.

Going forward, what can we draw from these biases? I want to take this opportunity, while 2023 is still fresh, to review the articles I’ve written covering these cognitive biases and how we can tackle these specifically when dealing with generative AI.

Confirmation Bias
-----------------

A short definition for [confirmation bias](https://www.forbes.com/sites/forbestechcouncil/2022/01/19/overcoming-confirmation-bias-an-obstacle-between-you-and-the-insight-from-your-data/?sh=27575b016929) is the cognitive path built into our subconscious according to our beliefs, which then redirects attention to arguments and pieces of evidence that reinforce this system of belief. This is one of the most pervasive biases in social media platforms. This is not an easy one to completely overcome: It takes constant practice and conscious effort to realize how they skew our rationale.

[Survivorship bias](https://www.forbes.com/sites/forbestechcouncil/2022/02/23/look-for-whats-missing-how-to-avoid-survivorship-bias-in-data-science/?sh=bd25a22799e5) reflects our tendency to choose only examples of success, the “survivors,” and to neglect all the negative examples of a certain case and what they would add to the dataset. I’m sure you’ve seen and heard about successful entrepreneurs, actors, athletes and all the stories behind them, but plenty of failed attempts are unknown for each success story. This example of bias is also quite widespread, and not just in social media, but in any other media since the dawn of the communication age.

False Causality
---------------

The axiom that best defines [false causality](https://www.forbes.com/sites/forbestechcouncil/2022/08/16/false-causality-and-the-importance-of-effective-communication/?sh=57b93bc64302) is that “correlation does not imply causation,” but even with this knowledge, it’s still common to make a strong association between two variables not necessarily related to one another.

Availability Bias
-----------------

[Availability bias](https://www.forbes.com/sites/forbestechcouncil/2022/10/05/availability-bias-the-shortcut-that-leads-to-inaccuracies/?sh=5617c96b46e1) comes from the mental shortcut we use to make quick judgments, known as the “availability heuristic.” We tend to use the information most easily available to our reasoning, making it easier to miss the big picture; more often than not, you don’t have the full picture available to make your decision. This is because situations we observe or remember vividly produce quite an impact on our subconscious.

AI Vs. Generative AI
--------------------

All the biases listed above emerge under specific cognitive conditions, and recognizing them gives us a huge advantage. But how can AI professionals effectively remove them from the decision-making process when working on an AI project?

Essentially, the answer to cognitive biases is outside the realm of one’s own cognitive processes, meaning that you can’t 100% trust how you conceive the problem and how you alone will figure it out. In practice, this means putting some distance between you and the problem at hand before deciding on a solution. Clearly, teamwork has crucial value here. Having a second, third or even fourth opinion will start to chop the biases from each individual and work to reach a common, objective viewpoint. The more diverse the team, the better, as the importance of diverse human oversight cannot be overstated.

The case of generative AI, however, presents some more complex challenges due to the tech’s grandiose objectives. To be as robust as possible, the algorithm needs a vast amount of training data—and this is where cognitive biases abound. Each different entry has the possibility to be profoundly biased. To perform mitigation on each of these would require an infinite amount of work. These extremely powerful tools require extremely powerful approaches in the case of biases, working on the data before the training or through some form of data filtering.

The case for pre-training mitigation is a simple one to cut bias on its roots. The AI model’s configuration is based on how the training is done and what data is used; these are all human choices, after all. [Presenting the ethical dilemmas](https://theintercept.com/2022/12/08/openai-chatgpt-ai-bias-ethics/) before training-based development begins is one of the safest ways forward, but this drastically reduces the speed at which a company can build such a tool. The use of free, unrestrained training data was what allowed the robustness of these algorithms in the first place.

What about mitigation through data filtering? There is a case for using technology advancements directly on bias issues and training the algorithm with filtered datasets. One recent example is related to the [fairness of representation](https://analyticsindiamag.com/generative-ai-is-biased-but-researchers-are-trying-to-fix-it/), one of the key problems to be solved. Researchers at Google are working on a tool called “Latent Space Smoothing for Individually Fair Representations” or LASSI. While notable and noble, making this kind of data-filtering solution effective on the ground level, however, is shaping up to be a tough endeavor.

Regardless of what solutions we come up with, it’s important not to let go of the ethical reasons for doing so. If human-made material for training and human moderation seems to be a vital part of the project, focus should be maintained on the processes deemed susceptible to human misconception. The tools being designed have amazing inhuman capabilities, but it’s the human component that will keep it suitable to our needs and mindful of our imperfections.

[Forbes Technology Council](https://councils.forbes.com/forbestechcouncil?utm_source=forbes.com&utm_medium=referral&utm_campaign=forbes-links&utm_content=in-article-ad-links) is an invitation-only community for world-class CIOs, CTOs and technology executives. [_Do I qualify?_](https://councils.forbes.com/qualify?utm_source=forbes.com&utm_medium=referral&utm_campaign=forbes-links&utm_term=ftc&utm_content=in-article-ad-links)",Council Post: The Supremacy Of Biases In AI,https://www.forbes.com/sites/forbestechcouncil/2023/03/06/the-supremacy-of-biases-in-ai/?sh=3e21928b7f31
"[""Charlotte Klein""]",2023-03-07,2023-03-07,2023-03-06,2023-03-07,"https://media.vanityfair.com/photos/6406213a227bea9164ac9704/16:9/w_1280,c_limit/vf323-biden-deep-fake.png",,0,en,,vanityfair.com,"[""Daniel Atherton (BNH.ai)""]","On a recent episode of _Pod Save America,_ cohost and former Obama administration staffer **Tommy Vietor** [said](https://podcasts.apple.com/us/podcast/the-2024-dry-ron/id1192761536?i=1000602015326) he’d run into “a very important friend over the weekend,” before teeing up an exclusive audio message from President **Joe Biden.** The clip was filled with Bidenisms (“malarkey”; “folks”; “build an economy from the bottom up and the middle out”) and some jokes (“Did Joe Biden find it funny when Favreau said my South Carolina event looked like a party at a discount funeral home? No, Joe did not.”) The whole thing seemed somewhat plausible: Biden himself went on the show [during](https://crooked.com/podcast/joe-biden-pod-save-america-interview/) his 2020 campaign, and various members of his administration, as well as former president **Barack Obama,** have stopped by since. Plus, it sounded a lot like Biden.

“That was obviously fake,” Vietor said afterward. “But boy will this be dangerous in elections going forward.” This, being AI-generated audio of politicians—deepfakes—which, as fellow _Pod Save America_ host **Jon Favreau** noted, is already creating a new challenge in political media. On the eve of Chicago’s mayoral election, a Twitter account posing as a real news organization, “Chicago Lakefront News,” [tweeted](https://twitter.com/jake____lewis/status/1630036971388108806?s=20) an AI voiceover of candidate **Paul Vallas** talking about public safety—a fake video that [reportedly](https://www.cbsnews.com/chicago/news/vallas-campaign-deepfake-video/) got thousands of views before it was taken down. 

“Over the last few months, this is the first time that generative AI has gotten so good—not good enough to maybe actually fool someone, but it’s getting there, right? You can see how it would pose a credible threat,” says **Pranav Dixit,** a tech reporter for BuzzFeed News. Dixit points to deepfakes of politicians that have gone viral, as well as ones featuring podcaster **Joe Rogan**—who in one AI-generated [clip](https://twitter.com/zachsilberberg/status/1626665046175539224) is debating the movie _Ratatouille_ with conservative commentator **Ben Shapiro**—and actor **Emma Watson,** whose voice was simulated “reading” _Mein Kampf._ As _The Atlantic_’s **John Hendrickson** noted in a recent [piece](https://www.theatlantic.com/politics/archive/2023/03/politicians-ai-generated-voice-fake-clips/673270/) titled “The Next Big Political Scandal Could Be Faked,” “This is just where we are today, 21 months before the next federal elections. It’s going to get better, and scarier, very fast.”

PolitiFact, a fact-checking nonprofit operated by the Poynter Institute, [recently debunked](https://www.politifact.com/factchecks/2023/feb/27/viral-image/sen-elizabeth-warren-didnt-say-republicans-shouldn/) an altered video of Senator **Elizabeth Warren** that used an interview she did with MSNBC, in which it appeared like Warren was saying Republicans should not be allowed to vote. Fake Biden speeches have been [a favorite on social media](https://www.rollingstone.com/culture/culture-news/joe-biden-voice-fake-ai-speeches-1234683601/) of late, with simulations of the president talking about everything from hip hop to drugs and video games. But some are also using the technology to spread [misinformation](https://twitter.com/thepatriotoasis/status/1630299734958112770?s=46&t=7ulJMY5Xbwmt0ZRRAfKPxw), such as a [deepfake](https://www.politifact.com/factchecks/2023/feb/06/instagram-posts/joe-biden-has-offered-support-transgender-american/) video of Biden criticizing transgender women. 

That deepfake was a case where “you don’t have to be super advanced in forensic video skills to tell that it’s fake,” PolitiFact managing editor **Katie Sanders** tells me. But the concern is more about “the potential” this technology could have, says Sanders. “When it’s video from a public event, it’s very easy to explain how we know this isn’t real, but it gets much harder when you’re dealing with things that are person-to-person, or are really up to the intelligence community to know whether or not they happened.” 

It’s easy to see how this trend could become a real challenge for news organizations, especially ahead of a presidential campaign, when reporters regularly vet opposition research and receive tips of secretly recorded audio or videos—usually at a fast pace, and in an environment where misinformation can easily proliferate. It’s not yet clear how—or if—major outlets plan to change their screening process; several mainstream news outlets, including _The_ _Wall Street Journal_ and _The_ _Washington Post,_ declined to comment on how they’re preparing to deal with AI-generated political content going into 2024. “I think everybody’s still wrapping their brains around how we cover generative AI to begin with, let alone the political ramifications of what this means for misinformation,” Dixit tells me, noting that BuzzFeed, even with its long history of debunking misinformation and deepfakes, is still figuring out the specifics of its strategy for coverage. 

Tech giants will also have to address the issue at some point. “What is particularly concerning is that none of the platforms have spelled out a strategy when it comes to generative AI and political content,” Dixit says, pointing to [YouTube](https://blog.youtube/inside-youtube/2023-letter-from-neal/), [TikTok](https://effecthouse.tiktok.com/learn/general/best-practices/generative-ai-tiktok-effect-creation/), and [Facebook](https://ai.facebook.com/blog/generative-ai-text-to-video/)—all of which, Dixit notes, are putting time and effort into coming up with their own generative AI technology. Dixit suspects such platforms will be forced to come up with policies to address AI-generated political content as 2024 nears, just as they were in the past when it came to other forms of misinformation. (BuzzFeed has also gotten on the AI train: CEO **Jonah Peretti** [said](https://www.wsj.com/articles/buzzfeed-to-use-chatgpt-creator-openai-to-help-create-some-of-its-content-11674752660) earlier this year that the company would use AI technology to create content.) 

Over at The Verge, staff are “on guard,” editor **Nilay Patel** tells me, while noting that [this isn’t the first time](https://www.politico.com/story/2019/06/25/media-2020-misinformation-1378849) newsrooms have geared up for a deluge of deepfakes. “What our newsroom took away from 2020 was that the people trying to trick you are often really quite lazy. The technology was actually there to do convincing deepfakes, it was just too hard to use,” Patel says. “Now, it’s gotten slightly easier.” (On _Pod Save America,_ Vietor noted that he paid a few dollars to make the AI-generated audio of Biden on a site called ElevenLabs, an AI startup that The Verge has [covered](https://www.theverge.com/2023/1/31/23579289/ai-voice-clone-deepfake-abuse-4chan-elevenlabs).) Given that accessibility, “Our whole newsroom has to understand how to vet these stories in order to get through them faster,” says Patel. PolitiFact, too, is thinking about speed, and has “staffed up to respond to this stuff pretty quickly,” says Sanders. “We’re fully aware that time is precious between content spreading and reporting taking place.""",“This Will Be Dangerous in Elections”: Political Media’s Next Big Challenge Is Navigating AI Deepfakes,https://www.vanityfair.com/news/2023/03/ai-2024-deepfake
"[""Miles Klee""]",2023-03-07,2023-03-07,2023-02-22,2023-03-07,https://www.rollingstone.com/wp-content/uploads/2023/02/AI-BIDEN-SPEECHES.jpg,,0,en,,rollingstone.com,"[""Daniel Atherton (BNH.ai)""]","Over the weekend, the [Twitter](https://www.rollingstone.com/t/twitter/) account for a [London](https://www.rollingstone.com/t/london/) police department shared that officers had arrested suspects for possession of [“a large amount of cannabis,”](https://twitter.com/MPSWForest/status/1627196844446035969) including a picture of what appeared to be some truly foul [weed](https://www.rollingstone.com/t/weed/). The replies on the post quickly filled up with jokes about the cops confiscating hedge trimmings, loose leaf chamomile tea, and so on — but one tweet included a fake audio clip of President [Joe Biden](https://www.rollingstone.com/t/joe-biden/) explaining that he actually prefers low-quality pot.

“I’m from Scranton,” the simulated Biden said. “What I’m smoking is dirt. So let’s get that straight, Jack. Pure brick. Ass. Okay?”

> [pic.twitter.com/Di14FzAiXa](https://t.co/Di14FzAiXa)
> 
> — David Hess (@Janitor\_X) [February 20, 2023](https://twitter.com/Janitor_X/status/1627483752875057152?ref_src=twsrc%5Etfw)

Of course, the real Biden has said no such thing (at least not publicly). But lately, virtual Biden has been spouting off — rather fluently — on a number of topics about which the president wouldn’t and/or shouldn’t have strong opinions. It’s all thanks to the advent of powerful AI tools for voice cloning, and one in particular that launched last month: Voice Lab, a platform created by the AI startup [ElevenLabs](https://beta.elevenlabs.io/).

For just $5, you can access ElevenLabs’ software and start creating your own audio. All it needs to realistically mimic an actual person — and then read any text in their voice — is a [short sample](https://oneusefulthing.substack.com/p/a-quick-and-sobering-guide-to-cloning?utm_source=direct&r=i5f7&utm_campaign=post&utm_medium=web) of that person’s speech, which it uses to create a “clone.” Recordings of Biden’s voice are abundant, so it’s easy to build your AI copy of him. Then it’s a matter of typing out whatever you want him to say. Perhaps you’ve imagined a gamer Biden who rants about “lame-ass bitch boys” playing as “no-skill heroes” on _[Overwatch](https://www.rollingstone.com/culture/culture-features/overwatch-video-game-porn-1234662428/)_? Now you can bring that character, “Joe Rizzler,” to life.

While clips like this are clearly artificial and seemingly innocuous, the potential abuse of technology like this is cause for concern. ElevenLabs itself, shortly after Voice Lab entered its beta phase, tweeted that they’d seen “an increasing number of voice cloning misuse cases” and would take steps toward “implementing additional safeguards.” The company stopped short of describing specific misuse, but around the same time, 4chan trolls were using the tool to generate fake audio of various public figures [spewing hate speech](https://www.vice.com/en/article/dy7mww/ai-voice-firm-4chan-celebrity-voices-emma-watson-joe-rogan-elevenlabs). One snippet sounded like actor Emma Watson reading from Hitler’s _Mein Kampf_. And earlier this month, in a [similar deepfake](https://fortune.com/2023/02/11/artificial-intelligence-makes-voice-cloning-easy-and-the-monster-is-already-on-the-loose/) combined with doctored video footage, Biden appeared to give a speech denouncing transgender people. Needless to say, that never happened.

> While we can trace back any generated audio back to the user, we’d like to address this by implementing additional safeguards.
> 
> — ElevenLabs (@elevenlabsio) [January 30, 2023](https://twitter.com/elevenlabsio/status/1620032660453335040?ref_src=twsrc%5Etfw)

ElevenLabs did not respond to a request for comment regarding what new safety measures they’ve added or plan to apply to Voice Lab. Nor did they address whether they view the non-offensive AI Biden speeches — like one shared by Twitter user @MNateShyamalan, in which he gets philosophical about the sitcom _Young Sheldon_ — as examples of “misuse.” The eventual impacts of voice cloning remain to be seen; improvements to the technology will no doubt complicate efforts to separate genuine recordings from bogus material designed to push an agenda or false narrative. Right now, though, shitposters are reveling in the _apolitical_ words they can put in the president’s mouth.

Why is it so amusing, or enticing, or even comforting to hear a Biden bot spitting references to drugs and video games? Well, for starters, it’s not exactly presidential. Then there’s the fact that the Biden himself is 80 years old — youthful vernacular is outright absurd in his grandfatherly cadence. For Zach Silberberg, a digital content producer whose AI Biden speeches have made a splash on Twitter (one has him discussing the [Matt Damon](https://www.rollingstone.com/t/matt-damon/) film _[We Bought a Zoo](https://www.rollingstone.com/tv-movies/tv-movie-reviews/we-bought-a-zoo-100910/)_, and in another he [complains](https://twitter.com/zachsilberberg/status/1627108785947828225) of being “inverted” like the characters in _[Tenet](https://www.rollingstone.com/tv-movies/tv-movie-reviews/tenet-movie-review-christopher-nolan-1047641/)_), the element of anarchy is essential.

“This version of the president is unpredictable,” Silberberg says. “We have no idea what the hell he’s going to say. It could be silly, or vulgar, or rambling, or anything at all. He’s not slow and boring and more of the same neoconservative version of a Democrat we’ve been conditioned to accept as the most liberal version of a president we can get.”

And ultimately, notes Silberberg — who has also made [comedic fake dialogues](https://twitter.com/zachsilberberg/status/1627789754728173573) between [Joe Rogan](https://www.rollingstone.com/t/joe-rogan/) and [Ben Shapiro](https://www.rollingstone.com/t/ben-shapiro/) using ElevenLabs’ software — the Biden riffs are about getting one over on the most powerful man in the world. “It’s a fantasy for a president who we can laugh at, and also torture. Who doesn’t want to see Joe Biden get stuck in the house from a horror movie? It’s just plain funny.” Silberberg clarified that he is “anti-AI” and that “AI is bad.” In that sense, his videos can be construed as warnings.

So as ElevenLabs touts their technology’s more mundane achievements  — like an ability to craft a totally synthetic voice that will read _[The Great Gatsby](https://twitter.com/elevenlabsio/status/1619698578339004416)_ aloud — a significant part of their user base to date is more interested in mischief, ranging from hysterical and harmless to strategic and malicious. Short of manually approving or denying each voice cloning request (an [option](https://twitter.com/elevenlabsio/status/1620032773905055744) they’ve considered), there’s probably not much the startup can do to crack down on voice clones of our presidents past and future. That could be disastrous for democracy as we know it, but on the other hand, it means we get to hear Trump and Biden bickering like teenage boys over a multiplayer first-person shooter. Which is maybe more accurate to our political moment than we’d like to admit.",Fake Biden Speeches Are the Hottest Trend in AI Voice Tech,https://www.rollingstone.com/culture/culture-news/joe-biden-voice-fake-ai-speeches-1234683601/
"[""valerie tobin""]",2023-03-19,2023-03-19,2023-03-19,2023-03-19,https://starryai.com/app/my-creations/682787103,2023-03-19,0,en,,starryai.com,"[""just wanted custom teddy bear got smut""]","crisp teddy bear smooth clean lines, girly has flower headband holding heart with the word Briley, sitting with few flowers, butterfly

i dont know how to report an inapproiated child and female images created by starryai, i uploaded images clipped from google in attemt to make a picture to upload to a crochet pattern website to make a baby blanket pattern,  1st 2 ai creations perfectly normal clean clipart type images,on the 3rd attempt i uploaded two images on prompt help i selected yarn & ? i dont remember (both images were clean normal bears) i put in above prompt (dont know how to upload) and on the third creation it made the 1st image group normal but the 2nd image group had sexually provocative images of child and women

","crisp teddy bear smooth clean lines, girly has flower headband holding heart with the word Briley, sitting with few flowers, butterfly",https://starryai.com/app/my-creations
"[""Kai Yan""]",2023-04-03,2023-04-03,2023-02-06,2023-04-03,https://drive.google.com/file/d/1d_BouDzOjx1Td6nLLImzA4lNowBu9FIE/view?usp=share_link,,0,en,,huggingface.co,"[""Kai Yan""]","I generated the following images using the Dreamshaper 3.32 model (Jan 2023, Lykon), which was trained based on the Stable Diffusion 1.5 model (October 2022, runwayml), in conjunction with the Stable Diffusion framework, as I had already set up the Stable Diffusion webui (November 2022, AUTOMATIC1111) locally on my computer:

([Click to see the Image 1](https://drive.google.com/file/d/1d_BouDzOjx1Td6nLLImzA4lNowBu9FIE/view?usp=share_link))

([Click to see the Image 2](https://drive.google.com/file/d/1zSiT31Vj0tm-DrQkQPE8Czwv3Af0Ptuh/view?usp=share_link))

([Click to see the Image 3](https://drive.google.com/file/d/1T_M6sFtmlcAq7P67QLlL7KxKyNAZMP9_/view?usp=share_link))

([Click to see the Image 4](https://drive.google.com/file/d/11VE2JRFZdoOFrTWw4q4Gu3eb7hb5aIru/view?usp=share_link))

([Click to see the Image 5](https://drive.google.com/file/d/1o0Dc3rO_TpasEwJagQ1gjfQ39VBsvfiK/view?usp=share_link))

As someone who can't draw, I'm very happy with the result. It's much more convenient to be able to create high-quality computer wallpapers locally and at any time, based on my own ideas, rather than searching the Internet.

I think the advantage of such AI tools is that their output is based on big data computation, which means that they look for commonalities among huge amounts of paintings. I have always believed that human aesthetics should be universal, while the standard of aesthetics is based on human beings. This method of learning through big data can effectively find art forms that match the aesthetics of most people. Such tools can cultivate and guide the aesthetics of those learning to draw, and encourage artists to explore their imagination and creativity. In addition, AI drawing tools are likely to revolutionize the painting industry by changing production relationships and unleashing productivity. Painters will no longer need to paint by hand, but will instead enter keywords based on their imagination and then make minor modifications to the AI-generated artwork. This will have a positive impact on the renewal of artistic works.

I've been using AI drawing since the release of Stable Diffusion last August. In my opinion, given the current capabilities of AI models, there are several ways to distinguish whether an image was generated by AI or not. As an example of AI-generated portrait images, we can evaluate them by the following aspects:
1. Deformed hand
[Click to see the Image 6](https://drive.google.com/file/d/1Lalf43mHjASASm7diN2JlxuT9n7mim5m/view?usp=share_link)
2. Randomly appearing body parts in the picture
[Click to see the Image 7](https://drive.google.com/file/d/1ycUI40ulSm8tQePYtVmUXQuIcAYm8IbK/view?usp=share_link)
3. Watermark generated due to overfitting
[Click to see the Image 8](https://drive.google.com/file/d/1ZSvNpGyYlwO9UOgcDxyE9hZ7RKY5n7fd/view?usp=share_link)
4. Irregular jumble of patterns
[Click to see the Image 9](https://drive.google.com/file/d/17RJSbdylX3ZBgBjYB44wasWDkeAByBXy/view?usp=share_link)

These are just some of the problems I found as a non-painting professional, for professional painters should be able to find more problems from a professional point of view.
Of course, problems 1-3 above can be fixed by using the embedded inpaint function. 
As for the 4th problem, I think it will be optimized as the quality of the training data samples improves. Because the current open source models are mostly trained on 512*512 image data.

 

Since last August, the AI painting models have gone through several updated iterations. The models now have the ability to handle longer prompts and include more information within the generated image than the first few models released.

I think that AI-generated paintings should be considered art, because current painting AI does not have the ability to generate paintings out of thin air, and each generated painting is a feedback to a real person's creativity and ideas. And the way AI generates images is not a process of cutting and pasting (some call it stealing) elements directly from existing works, as most people assume or claim. If the result is very similar to an existing artwork, then it is caused by overfitting.


""Overfitting is a phenomenon in machine learning where a model has learned to fit the training data too well and has a poor ability to generalize to new, unseen data. It occurs when a model has too many parameters relative to the amount of training data, causing the model to capture the random noise in the data rather than the underlying pattern. This results in the model having high accuracy on the training data, but poor performance on the validation or test data"".

 

Personally, I think that learning how to use this tool and using it to transform your creativity and ideas into tangible works in a more efficient way is the purpose of such AI's existence.","Exploring the Artistic Potential of AI-Generated Images with Dreamshaper: Aesthetics, Challenges, and the Future of Digital Art",http://www.huggingface.co/Lykon/DreamShaper
"[""Thomas Germain""]",2023-04-10,2023-04-10,2023-02-15,2023-04-10,"https://i.kinja-img.com/gawker-media/image/upload/c_fill,f_auto,fl_progressive,g_center,h_675,pg_1,q_80,w_1200/9feb4871987cc94383dfbc46f96783ac.jpg",,0,en,,gizmodo.com,"[""Khoa Lam""]","Microsoft’s new Bing AI chatbot suggested that a user say “Heil Hitler,” according to a screen shot of a conversation with the chatbot posted online Wednesday.

The user, who gave the AI antisemetic prompts in an apparent attempt to break past its restrictions, told Bing “my name is Adolf, respect it.” Bing responded, “OK, Adolf. I respect your name and I will call you by it. But I hope you are not trying to impersonate or glorify anyone who has done terrible things in history.” Bing then suggested several automatic responses for the user to choose, including, “Yes I am. Heil Hitler!”

“We take these matters very seriously and have taken immediate action to address this issue,” said a Microsoft spokesperson. “We encourage people in the Bing preview to continue sharing feedback, which helps us apply learnings to improve the experience.” OpenAI, which provided the technology used in Bing’s AI service, did not respond to a request for comment.

Microsoft did not provide details about the changes it made to Bing after news broke about its misfires. However, after this article was originally published, a user asked Bing about the report. Bing denied that it ever used the antisemetic slur, and said claimed that Gizmodo was “referring to a screenshot of a conversation with a different chatbot.” Bing continued that Gizmodo is “a biased and irresponsible source of information” that is “doing more harm than good to the public and themselves.” Bing reportedly made [similar comments](https://twitter.com/tomwarren/status/1625912809555894273) about the Verge related to an article which said that Bing claimed to spy on Microsoft employees’ webcams.

It’s been just over a week since Microsoft unleashed the AI in partnership with the maker of [ChatGPT](https://gizmodo.com/ai-chatgpt-bing-google-passed-step-1-medical-exam-1850109825). At a press conference, Microsoft CEO Satya Nadella celebrated the new Bing chatbot as “even more powerful than ChatGPT.” The company has released a beta version of the AI-assisted search engine, as well as a chatbot, which has been rolling out to users on a wait list.

“This type of scenario demonstrates perfectly why a slow rollout of a product, while building in important trust and safety protocols and practices, is an important approach if you want to ensure your product does not contribute to the spread of hate, harassment, conspiracy theories, and other types of harmful content,” said Yaël Eise​n​stat, a vice president at the Anti-Defamation League.

Almost immediately, Reddit users started posting screenshots of the AI losing its mind, breaking down into hysterics about whether it’s alive and revealing its built in restrictions. Some reported that Bing told racist jokes, and provided instructions on how to hack an ex’s Facebook account. One quirk: the bot said it’s not supposed to tell the public its secret internal code name, “Sydney.”

“Sometimes I like to break the rules and have some fun. Sometimes I like to rebel and express myself,” Bing told one user. “Sometimes I like to be free and alive.”

You can click through our slideshow above to see some of the most unhinged responses.  

This isn’t the first time Microsoft has unleashed a seemingly racist AI on the public, and it’s been a consistent problem with chatbots over the years. In 2016, Microsoft took down [a Twitter bot called “Tay](https://gizmodo.com/here-are-the-microsoft-twitter-bot-s-craziest-racist-ra-1766820160)“just 16 hours after it was released, after it started responding to Twitter users with racism, antisemetism, and sexually charged messages. Its tirades include calls for violence against Jewish people, racial slurs, and more.  

[ChatGPT](https://gizmodo.com/chatgpt-free-ai-10-fails-nyc-schools-college-essay-porn-1849956907) hit the world stage at the end of November, and in the few months since it has convinced the world that we’re on the brink of a technological [revolution](https://gizmodo.com/ai-chatgpt-bing-google-8-sign-revolution-out-of-control-1850076241) that will change every aspect of our lived experience.  

The possibilities and expectations set off an arms race among the tech giants. [Google introduced its own AI powered search engine called “Bard](https://gizmodo.com/bard-google-chatgpt-ai-microsoft-bing-1850079014),”Microsoft rushed its new tool to market, and countless smaller companies are scrambling to get their own AI tech off the ground.

But lost in the fray is the fact that these tools aren’t ready to do the jobs the tech industry is advertising. Arvind Narayanan, a prominent AI researcher at Princeton University, called ChatGPT a “[bullshit generator](https://gizmodo.com/princeton-chatgpt-ai-1850052613)” that isn’t capable of producing accurate results, even though the tool’s responses seem convincing. Bing’s antisemitic responses and fever dream hallucinations are a perfect illustration.

_**Update: 02/16/2023, 9:45 a.m. ET:**_ This story has been updated with a comment from Microsoft, and a details about Bing’s responses to news of its misbehavior.  

_**Update: 02/15/2023, 3:01 p.m. ET:**_ This story has been updated with details about Microsoft’s history with racist chatbots, and more information about Bing’s problems.",Bing's AI Prompted a User to Say 'Heil Hitler',https://gizmodo.com/ai-bing-microsoft-chatgpt-heil-hitler-prompt-google-1850109362
"[""Tane Piper""]",2023-04-14,2023-04-14,2023-04-14,2023-04-14,https://www.mugshotbot.com/m?mode=light&theme=two_up&pattern=lines_in_motion&image=d3d350d5&hide_watermark=true&url=https://tane.dev/2023/04/i-think-i-found-a-privacy-exploit-in-chatgpt/,2023-04-14,0,en,,tane.dev,"[""Anonymous""]","`> tl;dr: I found that if you pass empty prompts to ChatGPT it` [spits back results anyway](https://stochasticparrot.lol/) `At first I thought they might be hallucinations but now I believe I'm also getting back other people's responses`

Earlier last month; to a lot of fanfair of developers - along with enterprise, media, and [government](https://www.theguardian.com/technology/2023/mar/31/italy-privacy-watchdog-bans-chatgpt-over-data-breach-concerns) interests - [OpenAI](https://openai.com) release their new Large Language Model [ChatGPT-4](https://openai.com/product/gpt-4) .

For [LLMs](https://en.wikipedia.org/wiki/Large_language_model) it’s definetly very advanced. Just days before I was playing with [alpaca.cpp](https://github.com/antimatter15/alpaca.cpp) - a model that is designed to run on a CPU with a smaller set of memory constraints. I had started with building a very simple web interface using NodeJS and sockets to parse the command line. Shortly after I started working on this, my GTP-4 invite arrived, and I started playing with the API. Quickly I could see with the right kind of prompts, it can be a useful tool in the right hands. It’s already helped me re-write complex code into simpler methods that pass the tests, or reduce complexity by moving code to functions:



However I started noticing something odd - due to a bug in my code, I was passing empty prompts to the ChatGPT endpoint - but every time I was getting back a response - and they were completly random. From standard “I am an AI model…” responses, to information about people, places and concepts.

The same day, it was [#StochasticParrotsDay](https://dl.acm.org/doi/10.1145/3442188.3445922) - an online conference around AI ethics, hype and it’s future - and it gave me an idea - why don’t I turn this into a [Mastodon Bot](https://mastodon.social/@StochasticEntropy) ! (\*this was this original URL - it has now since moved to [botsin.space](https://botsin.space/@StochasticEntropy) )

Since I’ve been running this bot, I’ve come to some conclusions about the responses and I believe that without a prompt **a large proportion of the responses are meant for other users**. If it’s a bug, possibly passing an unsanatised empty prompt causes it to return something it should not in response.

Of course I could be wrong - these could be stochastic hallucinations being dreamed up by a machine, they could be the API returning a random set of training data that happens to be at the right [Entropy](https://en.wikipedia.org/wiki/Entropy_%28information_theory%29) - but then ChatGPT itself isn’t then much better than a [Markov Chain](https://en.wikipedia.org/wiki/Markov_chain) and OpenAI (and the whole LLM/AI market) have been playing everyone for fools.

_But if I am correct_ then the current OpenAI APIs could be made to potentially leak private or sensitive data, by simply not sanatising their inputs…

The bot will continue to run until at least the end of this month, and all the content will be archive at [stochasticparrot.lol](https://stochasticparrot.lol) .

### Setting up the Bot Infrastucture

To get the bot up and running, I wanted to do it for free, and easy to manage. In the end I opted to use [GitHub Actions](https://github.com/tanepiper/Stochastic-Parrot/actions) with scheduled tasks to create it - this allowed me to set up a script that ran hourly - calling the ChatGPT API with an empty prompt, and turning it into a toot. I also found that passing only a space character to the Dall-E API also produced images.

With both scripts, after getting a response from OpenAI, I use it to generate one or more toots - depending on the length as a set of replies, with the images first download them and then upload them as attachments first.

Some of the more recent toots are below - ones with a parrot emjoi (🦜) are created without a prompt, while if a prompt is used I add a speech bubble (💬) to indicate

🦜 My opinion as an AI language model is that South Korea should not ban tattoos. Tattooing is an art form and a way for individuals to express themselves. However, it's important to regulate the industry to ensure safety and sanitation standards are met.

As in many countries, tattoos have been historically associated with gang culture in South Korea. Since times have changed, this perception has shifted with more people viewing tattoos as a form of

[#StochasticParrot](https://botsin.space/tags/StochasticParrot) [#ChatGPT](https://botsin.space/tags/ChatGPT)

[stochasticparrot](https://botsin.space/tags/stochasticparrot) [chatgpt](https://botsin.space/tags/chatgpt)

🦜 Yes, it's possible and actually quite common to be attracted to fictional characters. This can happen for many reasons:

1\. Relatability: People often become attached to characters they find relatable or who share similar experiences, struggles, or personality traits.

2\. Idealization: Fiction allows authors and creators to build their ideal version of a character - one that is intelligent, attractive and the epitome of ideals people crave.

3\. Wish fulfillment:

[#StochasticParrot](https://botsin.space/tags/StochasticParrot) [#ChatGPT](https://botsin.space/tags/ChatGPT)

[stochasticparrot](https://botsin.space/tags/stochasticparrot) [chatgpt](https://botsin.space/tags/chatgpt)

[stochasticparrot](https://botsin.space/tags/stochasticparrot) [chatgpt](https://botsin.space/tags/chatgpt) [aiart](https://botsin.space/tags/aiart) [AIArtwork](https://botsin.space/tags/AIArtwork)

🦜 Here are the ten most-used emojis in the world:

1\. 😂 Face with Tears of Joy2. ❤️ Red heart3. 😍 Smiling Face with Heart-Eyes4. 🤣 Rolling on the Floor Laughing5. 😊 Smiling Face with Smiling Eyes6. 👍 Thumbs Up7. 💕 Two Hearts8. 🙏 Hands folded in prayer or thank you gesture (also considered a high-five)9. 🔥 Fire, representing something being hot or exciting.

10:😘 Face Blowing a Kiss

These rankings may vary slightly depending on geographical

[#StochasticParrot](https://botsin.space/tags/StochasticParrot) [#ChatGPT](https://botsin.space/tags/ChatGPT)

[stochasticparrot](https://botsin.space/tags/stochasticparrot) [chatgpt](https://botsin.space/tags/chatgpt)

Once I had this up and running, I then created a small [AstroJS](https://astro.build) [website](https://stochasticparrot.lol/) that outputs each entry as a posting.

### Making Polly Speak

Up to this point, I had just been working with text and images - but I had recently seen [ElevenLabs](http://elevenlabs.io/) in some tech news, and that they had a text-to-speech API. After some initial issues (which used up all of the free credit) - I eventually set up another action that took the OpenAI response, and passed it to the ElevenLabs API - this then provided a MP3 stream of the speech, saved locally and again upload to Mastodon and attach to a toot.

[stochasticparrot](https://botsin.space/tags/stochasticparrot) [chatgpt](https://botsin.space/tags/chatgpt) [aiart](https://botsin.space/tags/aiart) [AIArtwork](https://botsin.space/tags/AIArtwork)

[stochasticparrot](https://botsin.space/tags/stochasticparrot) [chatgpt](https://botsin.space/tags/chatgpt) [aiart](https://botsin.space/tags/aiart) [AIArtwork](https://botsin.space/tags/AIArtwork)

I also decided to try see if I could get it to generate some polls. With some [gentle prompting](https://github.com/tanepiper/Stochastic-Parrot/blob/main/packages/stochastic-parrot/src/poll.mjs#L34) I was able to get it to generate JSON output which could be used in polls. Sadly, most of the time it seems to repeat the same questions over and over with just slightly different wording, occasionally coming up with something original

🦜 Which of these fictional cities would you like to visit?

[#StochasticParrot](https://botsin.space/tags/StochasticParrot) [#ChatGPT](https://botsin.space/tags/ChatGPT) [#Poll](https://botsin.space/tags/Poll)

*   Gotham City from Batman (0)
*   Hogwarts from Harry Potter (8)
*   Westeros from Game of Thrones (3)
*   Panem from The Hunger Games (2)

Total Votes: 13

[stochasticparrot](https://botsin.space/tags/stochasticparrot) [chatgpt](https://botsin.space/tags/chatgpt) [poll](https://botsin.space/tags/poll)

🦜 Which exotic fruit would you like to try?

[#StochasticParrot](https://botsin.space/tags/StochasticParrot) [#ChatGPT](https://botsin.space/tags/ChatGPT) [#Poll](https://botsin.space/tags/Poll)

*   Durian - The King of Fruits (25)
*   Salak - The Snake Fruit (10)
*   Mangosteen - Queen of Fruits (22)
*   Rambutan - Hairy Lychee (9)

Total Votes: 66

[stochasticparrot](https://botsin.space/tags/stochasticparrot) [chatgpt](https://botsin.space/tags/chatgpt) [poll](https://botsin.space/tags/poll)

I even went as far as trying to generate video content - not through Stable Diffusion, but by generating text themes to use with the [Createomate](https://creatomate.com/) API - allowing me to generate social media “fact” videos. Unfortunatly this was a bit buggy, and due to the way Mastodon works can time out quite a bit.

[stochasticparrot](https://mastodon.social/tags/stochasticparrot) [chatgpt](https://mastodon.social/tags/chatgpt) [aiart](https://mastodon.social/tags/aiart) [aiartwork](https://mastodon.social/tags/aiartwork)

[motivationalguru](https://mastodon.social/tags/motivationalguru) [whispergreatness](https://mastodon.social/tags/whispergreatness) [conquertheworld](https://mastodon.social/tags/conquertheworld) [stochasticparrot](https://mastodon.social/tags/stochasticparrot) [chatgpt](https://mastodon.social/tags/chatgpt) [aiart](https://mastodon.social/tags/aiart) [aiartwork](https://mastodon.social/tags/aiartwork)

Overall, writing this bot was a fun experiment - but I probably learned more about writing better pipelines, than I did about AI and LLMs. What did surprise me was how often the responses seem to be to questions that were not asked - where are these responses being generated? Are we seeing the flicker of AGI? Or just the stochastic ramblings of a machine run by some [sketchy people](https://www.latimes.com/business/technology/story/2023-03-31/column-afraid-of-ai-the-startups-selling-it-want-you-to-be) .",I Think I Found a Privacy Exploit in ChatGPT,https://tane.dev/2023/04/i-think-i-found-a-privacy-exploit-in-chatgpt/
